keyword,title,description,link,pub_date,sentiment,nouns
2차전지,[더벨][Peer Match Up | 노루페인트 vs SP삼화] '확연히' 갈린 지배구조…...,2차전지와 방산용 소재 등으로 기술 고도화 위주의 확장 전략을 고수하고 있다. 다만 의사결정 구조가 안정적인 만큼 사업 전환 속도가 상대적으로 느리다는 점은 한계로 평가된다. 특히 2010년 중반부터 노루가 새롭게... ,https://www.thebell.co.kr/free/content/ArticleView.asp?key=202606011358203320106139,"Thu, 04 Jun 2026 07:02:00 +0900",중립,"더벨, 노루페인트, 삼화, 확연히, 갈린"
2차전지,"기업은행 인니법인, 사상 첫 '외부 수혈' 승부수...'수익 개선' 조건의 ...","폴란드 법인은 현지 2차전지, 방산, 에너지 관련 국내 기업에 대한 금융지원 등 성장 잠재성이 크지만 작년 말 법인 설립 인가를 받은 만큼 당장 수익성을 내긴 어렵다. 베트남법인은 올해 10월 설립 예정으로 이 역시... ",http://www.consumernews.co.kr/news/articleView.html?idxno=756802,"Thu, 04 Jun 2026 06:10:00 +0900",긍정,"기업은행, 인니법인, 외부, 수혈, 승부수"
2차전지,'월 배당·밸류체인' 시장 빈틈에 강한 신한자산운용,▲SOL 2차전지소부장Fn ▲SOL 의료기기소부장Fn ▲SOL 자동차소부장Fn 등이 대표적이다. 소부장 자체가 하나의 라인업으로 자리잡은 셈이다. 천기훈 신한자산운용 ETF컨설팅 팀장은 &quot;신한운용은 ETF 시장의 후발주자였기... ,https://n.news.naver.com/mnews/article/417/0001145995?sid=101,"Thu, 04 Jun 2026 05:06:00 +0900",중립,"배당, 밸류체인, 시장, 빈틈에, 강한"
2차전지,&quot;양보다 질&quot;…순자산 500조 이후 ETF 투자 지도 바뀐다,"과거에는 반도체, 2차전지, 바이오 등 큰 산업 단위 ETF가 중심이었다면 최근에는 인공지능(AI) 전력, 피지컬 AI, 우주항공, 그룹주, 특정 기업 밸류체인 ETF 등 세분화 된 ETF가 등장하고 있다. 대표적으로 반도체 ETF만... ",https://n.news.naver.com/mnews/article/417/0001145989?sid=101,"Thu, 04 Jun 2026 05:01:00 +0900",중립,"양보다, 순자산, 투자, 지도, 바뀐다"
2차전지,"영풍, 세계 제련업계 첫 무방류 도입 5년... 친환경 제련 '새 길 열어'",2023년 12월에도 또 다른 광역자치단체 관계자들이 2차전지 산업단지 조성과 연계한 공공 폐수처리시설 구축과 수질보전 방안 마련을 위해 ZLD 시스템을 견학했다. 영풍은 ZLD를 비롯해 석포제련소 전반에 걸친 대규모... ,http://www.newsbrite.net/news/articleView.html?idxno=198458,"Thu, 04 Jun 2026 04:50:00 +0900",긍정,"영풍, 세계, 제련업계, 무방류, 도입"
2차전지,"개별종목 영향력 커진 ETF, 수급 쥐락펴락","올들어 주식형 ETF 가운데 'SOL 조선TOP3플러스' 'TIGER 조선TOP10' 'TIGER 2차전지테마'에서는 각각 3130억원, 2964억원, 2793억원이 유출됐다. 이는 시장의 쏠림현상을 강화하는 효과로 이어질 수 있다. 시장을 주도하는... ",https://n.news.naver.com/mnews/article/008/0005366856?sid=101,"Thu, 04 Jun 2026 04:14:00 +0900",중립,"개별종목, 영향력, 커진, 수급, 쥐락펴락"
2차전지,"추미애, 사상 첫 여성 광역단체장…민형배 ‘슈퍼 지자체’ 이끈다","광주권은 AI·미래모빌리티·반도체, 동부권은 2차전지·수소·우주산업, 서부권은 재생에너지·데이터센터, 중남권은 농생명·K푸드 산업 중심지로 육성한다는 계획이다. 한편 같은 시각 경남지사 선거에서는 김경수... ",https://n.news.naver.com/mnews/article/011/0004627445?sid=100,"Thu, 04 Jun 2026 02:27:00 +0900",중립,"여성, 광역단체장, 민형배, 슈퍼, 지자체"
2차전지,"대구시장 접고, 국회 입성…이진숙, 대구 달성 보선 당선","그는 “에너지·물·교육을 축으로 미래 100년 먹거리를 만들고, 첨단기업 유치와 양질의 일자리 창출을 뒷받침할 제도·예산 확보를 위해 노력하겠다”며 “로봇·바이오·2차전지 등 달성의 강점을 세계시장과 연결해... ",https://n.news.naver.com/mnews/article/025/0003527881?sid=102,"Thu, 04 Jun 2026 02:02:00 +0900",중립,"대구시장, 접고, 입성, 이진숙, 대구"
2차전지,대형 반도체주 쏠림에 … 코스닥 빚투도 주춤,과거 개인투자자는 높은 변동성과 성장성을 보고 코스닥 2차전지·바이오·로봇주를 대상으로 빚투에 나섰다. 지금은 대형 반도체주가 코스닥 성장주 못지않은 상승 탄력을 보이고 있다. 국민성장펀드 출시 직후... ,https://n.news.naver.com/mnews/article/009/0005688888?sid=101,"Wed, 03 Jun 2026 20:31:00 +0900",긍정,"대형, 반도체주, 쏠림에, 코스닥, 빚투도"
2차전지,[사설] 이젠 초당적 협력 충청권 발전 힘 모으자,"대전의 연구개발 역량과 세종의 행정 기능, 충북의 반도체 산업과 2차전지 및 청주 국제공항 , 충남의 제조업 기반을 유기적으로 연결한다면 충청권은 대한민국 미래산업의 중심지로 도약할 수 있다. 이를 위해서는... ",https://www.jbnews.com/news/articleView.html?idxno=1505343,"Wed, 03 Jun 2026 19:06:00 +0900",중립,"사설, 이젠, 초당적, 협력, 충청권"
2차전지,코스피는 9000 코앞인데…코스닥은 고점 대비 16% ‘미끄럼’,바이오·헬스케어 대형주와 2차전지 대표주가 약세를 보인 데다 성장주 전반으로 매도 압력이 번지면서 투자심리가 위축된 영향이다. 일부 AI 반도체·로봇 관련주가 선방했지만 상승세가 소수 테마에 그치며 시장... ,https://n.news.naver.com/mnews/article/018/0006296600?sid=101,"Wed, 03 Jun 2026 14:42:00 +0900",긍정,"코스피는, 코앞인데, 코스닥은, 고점, 대비"
2차전지,"김용석 하나캐피탈 대표, 빛 본 건전성 중심 전략…대손충당금·연체율...","하나캐피탈 관계자는 &quot;그룹 차원의 생산적 금융 기조에 발맞춰 반도체, 2차전지, 미래차 등 국가첨단전략산업 분야에 당사도 선제적으로 투자를 검토하고 있다&quot;라며 &quot;이를 통해 핵심산업 경쟁력을 제고하고 국내... ",http://www.fntimes.com/html/view.php?ud=2026060312011844088a55064dd1_18,"Wed, 03 Jun 2026 13:22:00 +0900",중립,"김용석, 하나캐피탈, 대표, 건전성, 중심"
2차전지,코스피 순이익 700조 돌파 전망... 지수 상단 1만 400포인트까지 열려있...,그리고 전력을 저장하는 에너지 저장장치 산업인 핵심 부품인 2차 전지라든가 이런 부분들은 여전히 조금 기존 주도주이기도 한데요. 유효할 거라고 보시면 될 것 같고 전력 생산을 위해서는 원유뿐만 아니라 신재생... ,https://news.ifm.kr/news/articleView.html?idxno=472182,"Wed, 03 Jun 2026 11:50:00 +0900",긍정,"코스피, 순이익, 돌파, 전망, 지수"
2차전지,이 ETF는 꼭 사십시오!,"남들 따라 반도체, 2차전지, 커버드콜, 배당주를 담다 보니 어느새 계좌는 엉망진창 마이너스다. 투자는 심플하고 쉬워야 오래 간다. 1만 명 이상 은퇴자와 직장인, 자영업자, 프리랜서의 계좌를 직접 열어보고 플러스... ",https://www.kyosu.net/news/articleView.html?idxno=206376,"Wed, 03 Jun 2026 11:08:00 +0900",중립,"사십시오, 남들, 따라, 반도체, 차전지"
2차전지,[아침저널] 김병욱 &quot;'판교 ETF'로 코스피 8000성과 성남 시민에게 골고루...,▶ 김병욱 : 기존의 ETF가 주로 반도체 2차전지 이런 산업 업종별 ETF거든요. 그렇죠? 지역 기반 ETF는 하나도 없습니다. 제가 이제 그래도 나름 금융과 증권에 관심이 많은 정치인데요. 지금 코스피 8천 시대를 맞이하고 있지... ,https://news.bbsi.co.kr/news/articleView.html?idxno=4085732,"Wed, 03 Jun 2026 11:08:00 +0900",긍정,"아침저널, 김병욱, 판교, 코스피, 성과"
2차전지,"통신장비사, 신사업 채비 속도…AI·군 위성·전장 확장","최근에는 MCU, CMCU, 클러스터 등 제어기 제품군을 확대하고, 2차전지 BMS 제어기와 유럽 사이버복원력법 대응 보안 게이트웨이(SGW) 사업도 추진하고 있다. 통신장비 사업에서 축적한 네트워크·제어 기술을 차량 통신과... ",https://n.news.naver.com/mnews/article/030/0003433969?sid=105,"Wed, 03 Jun 2026 10:31:00 +0900",긍정,"통신장비사, 신사업, 채비, 속도, 위성"
2차전지,"ETF, 개별 종목 수급 영향 커졌다…시총 25% 이상인 종목도","올 들어 주식형 ETF 가운데 SOL 조선TOP3플러스, TIGER 조선TOP10, TIGER 2차전지테마 등에서는 각각 3130억원, 2964억원, 2793억원 등의 자금이 유출됐다. 이는 시장의 쏠림 현상을 강화하는 효과로 이어질 수 있다. 시장을... ",https://n.news.naver.com/mnews/article/008/0005366554?sid=101,"Wed, 03 Jun 2026 10:23:00 +0900",중립,"개별, 종목, 수급, 영향, 커졌다"
2차전지,&quot;간절함만 두고 가겠다&quot; 조유민이 전한 진심... 본선 진출 '주역'의 아쉬...,"1차전 팔레스타인과 2차전이었던 오만 원정에서 모습을 드러내지 않았으나 요르단 원정이었던 3차전부터... 김민재가 전진 수비를 펼치는 가운데 생기는 뒷공간을 확실하게 메워줬고, 공중전·빌드업·대인 수비에 능한... ",https://m.sports.naver.com/kfootball/article/047/0002518120,"Wed, 03 Jun 2026 09:56:00 +0900",중립,"간절함만, 두고, 가겠다, 조유민이, 전한"
2차전지,&quot;'이건 투자 아닌 도박' 코스닥 폭락에 개미들 분노&quot;,이재원 유안타증권 연구원은 &quot;2023년 2차전지 열풍 당시를 제외하면 대형주 강세와 코스닥 강세가 동시에 나타난 사례는 많지 않았다&quot;며 &quot;현재 코스닥은 낙폭 과대 구간으로 볼 수 있지만 개인 투자자 자금 이탈은... ,https://www.kizmom.com/news/articleView.html?idxno=110721,"Wed, 03 Jun 2026 09:20:00 +0900",긍정,"이건, 투자, 아닌, 도박, 코스닥"
2차전지,전기·SDI·SDS…질주하는 삼성後자,"반도체·2차전지·금융·조선·바이오 등 다양한 산업을 동시에 담을 수 있다는 점이 핵심이다. 대표 상품으로는 삼성자산운용의 ‘KODEX 삼성그룹’, 미래에셋자산운용의 ‘TIGER 삼성그룹’, 한국투자신탁운용의 ‘ACE... ",https://n.news.naver.com/mnews/article/024/0000105975?sid=101,"Wed, 03 Jun 2026 09:01:00 +0900",중립,"전기, 질주하는, 삼성, 반도체, 차전지"
기계,"“더 많이 하되, 말은 적게”... EU·中, 파리서 고위험 ‘당근과 채찍’...","이에 따라 집행위원회는 화학과 기계 부문을 필두로 수입 급증이 지역 산업을 파산시킬 경우 물량 쿼터 제한 및 보복 관세를 즉각 부과할 수 있는 ‘비상 안전장치(세이프가드)’ 도구를 이전보다 훨씬 자주, 신속하게... ",https://www.g-enews.com/view.php?ud=2026060407430898300c8c1c064d_1,"Thu, 04 Jun 2026 07:46:00 +0900",부정,"많이, 하되, 말은, 적게, 파리서"
기계,35년 학생 곁 지켜온 현장 교육 전문가,"이후 창원 신월중학교, 반림중학교, 거창중학교, 창원기계공업고등학교, 진해여고 등에서 근무하며... 1999년 창원기계공업고등학교로 자리를 옮긴 뒤에는 교원단체 활동에도 참여했다. 이후 전국교직원노동조합... ",https://www.idomin.com/news/articleView.html?idxno=2007245,"Thu, 04 Jun 2026 07:40:00 +0900",중립,"학생, 지켜온, 현장, 교육, 전문가"
기계,"[6·3 지방선거] 8.87%p 차로 대구 지킨 추경호…'보수 텃밭' 수성, 경제...","그는 AI, 로봇, 미래모빌리티, 바이오, 반도체 등 5대 미래 성장산업을 집중 육성하는 한편 기계·금속·섬유 등 전통 주력산업의 스마트화와 고부가가치화를 통해 생산성과 경쟁력을 끌어올리겠다는 구상을 제시했다.... ",https://www.industrynews.co.kr/news/articleView.html?idxno=81751,"Thu, 04 Jun 2026 07:36:00 +0900",긍정,"지방선거, 차로, 대구, 지킨, 추경호"
기계,"풍력발전의 숨은 비용, 윤활유에서 갈린다","풍력터빈은 일반 산업기계보다 운전 조건이 훨씬 가혹하다. 저속 축에서는 높은 토크가 걸리고, 발전기... 윤활유는 눈에 잘 띄지 않는 부품이지만 터빈 수명과 가동률을 결정하는 기계적 기반이다. 풍력발전의 진짜... ",http://www.newsroad.co.kr/news/articleView.html?idxno=60016,"Thu, 04 Jun 2026 07:34:00 +0900",중립,"풍력발전의, 숨은, 비용, 윤활유에서, 갈린다"
기계,[6·3 지선]'초박빙 역전극' 추경호 대구시장 당선…&quot;첫째도 둘째도 경제...,"AI·로봇·미래모빌리티·바이오 등 5대 미래 첨단 신산업에 인공지능 엔진을 탑재해 첨단 산업 메카로 육성하는 동시에, 전통 주력 산업인 기계·금속·섬유 산업의 스마트화 고부가가치화를 최우선 과제로 삼아 생산성과... ",https://www.asiatime.co.kr/article/20260604500008,"Thu, 04 Jun 2026 07:20:00 +0900",긍정,"지선, 초박빙, 역전극, 추경호, 대구시장"
기계,잠실7동 '투표용지 부족 사태'로 밤샘 대치... 결국 투표함 2개 못 옮겼...,"김은혜 의원은 이날 0시 40분경 투표소에 도착해 &quot;자신들이 불리한 지역에 투표용지, 투표기계를 늦게 가져온 것이 베네수엘라 마두로 정권이 한 일&quot;이라고 비판했다. 김재섭 의원은 선관위 직원들과 면담 후 &quot;선관위의... ",https://www.insight.co.kr/news/556912,"Thu, 04 Jun 2026 07:18:00 +0900",중립,"잠실, 투표용지, 부족, 사태, 밤샘"
기계,"[더벨][기술이전 스토리] 릴리 GLP 석권, 비만·당뇨 넘어 GLP-2 복수 적응...",소화기계 희귀질환으로 현재 이 시장에는 다케다 제약의 '테두글루타이드'가 유일한 GLP-2 계열 치료제로 자리잡고 있다. 환자 수는 제한적이지만 미국 내 환자 1인당 연간 투약 비용이 약 4억5000만원(30만달러)에 달하는... ,https://www.thebell.co.kr/free/content/ArticleView.asp?key=202606010846591960101440,"Thu, 04 Jun 2026 07:02:00 +0900",중립,"더벨, 기술이전, 스토리, 릴리, 석권"
기계,"김대연 포스코에어솔루션 대표, 산업가스 육성 '특명'","1967년생인 그는 영남대학교 기계학과, 포항공과대학교 기계학과 석사를 거쳐 포스코인터내셔널 가스사업실장, 그린에너지개발실장, 발전사업개발실장 등을 맡아왔다. 이 과정에서 현재 회사의 캐시카우로 거듭난... ",https://dealsite.co.kr/articles/162929,"Thu, 04 Jun 2026 07:02:00 +0900",중립,"김대연, 포스코에어솔루션, 대표, 산업가스, 육성"
기계,[기자수첩] 카카오의 노란 감성 만든 '진짜 크루' 어디에,"반면 카카오는 공장도, 기계도 없다. 개발자, 기획자, 디자이너 등 사람의 아이디어와 코드(Code)로 움직이는, 사람이 곧 기업의 핵심 엔진인 셈이다. 문제는 카카오가 '크루 문화'라는 그늘 뒤에 대기업 규모에 걸맞은... ",https://www.newscj.com/news/articleView.html?idxno=3406132,"Thu, 04 Jun 2026 07:02:00 +0900",중립,"기자수첩, 카카오의, 노란, 감성, 만든"
기계,“거품 아니다?”…‘삼전닉스’ 제외해도 코스피 이익 전망 10% 올랐다,"자동차와 자동차부품, 일반기계, 가전은 감소했다. 이상연 신영증권 연구원은 최근 보고서에서 “소수 업종으로의 자금 집중 현상에도 불구하고 단기간 내 국내 증시의 우상향 흐름을 훼손할 만한 요인은 제한적”... ",https://n.news.naver.com/mnews/article/022/0004132856?sid=101,"Thu, 04 Jun 2026 07:02:00 +0900",중립,"거품, 아니다, 삼전닉스, 제외해도, 코스피"
기계,&quot;부정선거&quot; &quot;개표 무효&quot; 투표함 못 옮긴 잠실7동 '밤샘 대치'…경찰 470명...,"이날 0시40분께 도착한 김은혜 의원은 &quot;자신들이 불리한 지역에 투표용지, 투표기계를 늦게 가져온 것이 베네수엘라 마두로 정권이 한 일&quot;이라고 비판했다. 김재섭 의원은 선관위 직원들을 만난 뒤 &quot;선관위의 행동은... ",https://n.news.naver.com/mnews/article/277/0005771474?sid=102,"Thu, 04 Jun 2026 07:01:00 +0900",부정,"부정선거, 개표, 무효, 투표함, 옮긴"
기계,&quot;견우와 직녀가 시계 위에?!&quot; 반클리프 아펠의 서정을 담은 신작,Romantic Lovers 기계 장치인 시계가 사랑이라는 낭만적인 감정을 담아낼 수 있을까? 반클리프 아펠이 이에 대한 답을 제시했다. 먼저 ‘레이디 렁콩트르 셀레스트(Lady Rencontre Céleste)’는 푸른 밤하늘 아래 손을 맞잡은... ,https://www.harpersbazaar.co.kr/article/1903017,"Thu, 04 Jun 2026 07:00:00 +0900",중립,"견우와, 직녀가, 시계, 위에, 반클리프"
기계,[주간 파이낸셜] 은행PB가 목표수익률을 정하는 진짜 공식,그리고 마지막으로 중요하게 생각하는 것은 의외로 '사는 기술' 보다 '파는 기술'이다 목표수익률을 설정하는 진짜 이유는 그 목표에 도달했을 때 욕심을 내려놓고 기계적으로 수익을 확정 짓기 위해서다. 실제로 PB들이... ,https://n.news.naver.com/mnews/article/656/0000178222?sid=110,"Thu, 04 Jun 2026 07:00:00 +0900",긍정,"주간, 파이낸셜, 은행, 목표수익률을, 정하는"
기계,"종근당, 위식도역류질환 치료제 '소듀오미니' 출시","요구되는 빠른 증상 완화와 복용 편의성 개선이라는 두 가지 수요를 반영한 제품”이라며 “에소듀오 브랜드 제품군을 확대해 기존 제품과의 시너지를 높이고, 소화기계 시장에서 입지를 더욱 강화해 나가겠다”고 말했다.",https://www.dailymedi.com/news/news_view.php?wr_id=937026,"Thu, 04 Jun 2026 06:48:00 +0900",긍정,"종근당, 위식도역류질환, 치료제, 소듀오미니, 출시"
기계,[세계家] 도널드 트럼프 미국 대통령 ⑥ㅣ이란·관세·인사 논란…복합...,설비와 기계 중 해당 금속의 비율이 85%를 넘는 제품에 대해 10%의 우대 관세를 적용하는 방안을 도입했다.... 이번 조치에 따라 미국산 철강과 알루미늄이 중량 기준 85% 이상 포함된 외국산 기계와 설비에는 10%의 우대... ,https://www.cbci.co.kr/news/articleView.html?idxno=579321,"Thu, 04 Jun 2026 06:46:00 +0900",중립,"세계, 도널드, 트럼프, 미국, 대통령"
기계,"[日경륜, 도박장서 올림픽으로] ①문학·온천의 이즈, 미래 산업 품다","기계공업 진흥과 사회복지, 방재·재난지원, 스포츠, 국제교류 등 다양한 분야에 재원이 투입되고 있다.이즈가 주목받는 이유는 경륜과 올림픽 시설을 지역사회 속으로 끌어들이고 있기 때문이다. 이날 이즈시청... ",https://www.asiatoday.co.kr/kn/view.php?key=20260603010000880,"Thu, 04 Jun 2026 06:44:00 +0900",중립,"경륜, 도박장서, 올림픽으로, 문학, 온천의"
기계,"한전 HVDC건설본부, 지하 50m 굴착현장서 안전점검 ‘구슬땀’",본굴착 착수를 앞둔 TBM(터널굴착기계) 앞에서는 현장 근로자들과 함께 안전기원 행사를 열어 무사고 완공을 기원했다. 현장에 마련된 VR(가상현실) 안전체험장에서는 굴착 현장 사고 시뮬레이션을 직접 체험하며 안전... ,https://n.news.naver.com/mnews/article/011/0004627489?sid=102,"Thu, 04 Jun 2026 06:31:00 +0900",중립,"한전, 건설본부, 지하, 굴착현장서, 안전점검"
기계,"[6·3통영] 통영시선관위, 9대 지방선거 투표지 재검표 돌입",그러나 무효표만 수 검표키로 하고 두 후보의 유효표는 기계로 숫자만 확인키로 해 국민의힘 관계자로부터 항의를 받고 있다. 한편 통영시장 선거는 4년 전 2.8%P 차로 석패한 더불어민주당 강석주 통영시장 후보가... ,https://n.news.naver.com/mnews/article/003/0013985911?sid=102,"Thu, 04 Jun 2026 06:15:00 +0900",중립,"통영, 통영시선관위, 지방선거, 투표지, 재검표"
기계,우리(Woori) 없는 '우리은행'의 품격…'도덕적 파산' 우려 현실로 [데스...,몸통은 하나인데 팔다리만 따로 흔들며 &quot;우리는 권한이 없는 별개 법인&quot;이라고 우기는 유체이탈 화법은 이제 금융권의 표준 API(응용프로그램 인터페이스)로 등록해도 될 만큼 기계적이다. 문제가 불거질 때마다 등장하는... ,https://www.nbntv.co.kr/news/articleView.html?idxno=4022029,"Thu, 04 Jun 2026 06:10:00 +0900",부정,"없는, 우리은행, 품격, 도덕적, 파산"
기계,"[진단] 한국파마, 외형 키운 도입 확대…상품·위수탁 의존도 ↑","CNS 입지 활용한 도입품목 확대…얀센 품목 효과 반영 한국파마는 사업보고서에서 자체 연구개발을 통해 정신신경계, 순환기계, 소화기계, 항생항균 의약품 제조에 강점을 보유하고 있다고 설명하고 있다. 이 가운데... ",https://www.medipana.com/news/articleView.html?idxno=412314,"Thu, 04 Jun 2026 06:06:00 +0900",긍정,"진단, 한국파마, 외형, 키운, 도입"
로봇,"추경호, 대구시장 선거 승리… 대구경제 대개조 약속하며 보수 텃밭 방...","인공지능, 로봇, 미래모빌리티, 바이오, 반도체 등 5대 미래 성장 산업에 집중하고, 전통 산업의 스마트화, 고부가가치화를 통해 생산성과 경쟁력을 강화할 계획이다. 또한 지역 현안인 대구경북신공항 건설을 국가의 주도... ",https://www.gokorea.kr/news/articleView.html?idxno=868255,"Thu, 04 Jun 2026 07:48:00 +0900",긍정,"추경호, 대구시장, 선거, 승리, 대구경제"
로봇,"부산시, 세계스마트센터지수 2회 연속 8위…아시아 2위","부산시는 앞으로도 지역 주력산업에 인공지능, 양자컴퓨팅, 로봇 등 디지털 신기술을 접목하고 전력반도체, 이차전지, 신소재 사업 등을 미래 신성장 동력 사업을 집중적으로 육성해 '첨단 스마트도시'로 나아가겠다고... ",https://n.news.naver.com/mnews/article/001/0016118458?sid=102,"Thu, 04 Jun 2026 07:48:00 +0900",긍정,"세계스마트센터지수, 연속, 아시아, 부산시는, 앞으로도"
로봇,"김의겸, 군산에서 압도적 승리…침체된 지역경제 회복 요구 반영",김 당선인은 선거 과정에서 자신이 주도했던 현대차 새만금 투자 유치를 ‘완성해야 할 과제’로 제시하며 ▲현대차그룹 9조 원 투자 완수 ▲군산 AI‧로봇 산업 메카 조성 ▲HJ중공업 군산조선소 완전 부활 등을 핵심... ,https://www.thepowernews.co.kr/view.php?ud=2026060407362150553dfcd109a8_7,"Thu, 04 Jun 2026 07:44:00 +0900",부정,"김의겸, 군산에서, 압도적, 승리, 침체된"
로봇,"젠슨 황, 4~8일 '광폭행보'...최태원·정의선·구광모·이해진·박정원·...","젠슨 황 CEO는 방한 기간 최태원 SK그룹 회장 등 국내 주요 기업 총수들과 회동하고 인공지능(AI)·로봇... 여기에서는 고대역폭 메모리(HBM) AI반도체, AI 데이터센터, 자율주행, 로봇, 피지컬 AI 등 엔비디아와 국내 기업... ",https://www.greened.kr/news/articleView.html?idxno=341821,"Thu, 04 Jun 2026 07:40:00 +0900",중립,"젠슨, 광폭행보, 최태원, 정의선, 구광모"
로봇,"추경호 시대, 대구 경제 부활하나…GRDP 200조 시대 연다",이 밖에 AX(인공지능 대전환)을 통한 주력 산업 경쟁력 강화 및 로봇산업 중심 도시 구축을 위해 HD현대로보틱스 '글로벌 R&amp;D 캠퍼스' 유치에도 나설 계획이다. 골목의 상권을 살리고 청년 유출 방지를 위한 민생경제 7대... ,https://n.news.naver.com/mnews/article/421/0008984431?sid=162,"Thu, 04 Jun 2026 07:37:00 +0900",중립,"추경호, 시대, 대구, 경제, 부활하나"
로봇,"젠슨 황, 4일 방한 전망…'삼겹살 회동'부터 AI·로봇 협력까지","젠슨 황 엔비디아 최고경영자(CEO)가 이르면 4일 한국을 방문해 주요 그룹 총수들과 만나 AI 반도체와 로봇... 이번 회동에서는 고대역폭메모리(HBM), AI 데이터센터, 자율주행, 로봇, 피지컬 AI 등이 주요 의제로 오를... ",https://www.ebn.co.kr/news/articleView.html?idxno=1711153,"Thu, 04 Jun 2026 07:36:00 +0900",중립,"젠슨, 방한, 전망, 삼겹살, 회동"
로봇,"[6·3 지방선거] 8.87%p 차로 대구 지킨 추경호…'보수 텃밭' 수성, 경제...","그는 AI, 로봇, 미래모빌리티, 바이오, 반도체 등 5대 미래 성장산업을 집중 육성하는 한편 기계·금속·섬유 등 전통 주력산업의 스마트화와 고부가가치화를 통해 생산성과 경쟁력을 끌어올리겠다는 구상을 제시했다.... ",https://www.industrynews.co.kr/news/articleView.html?idxno=81751,"Thu, 04 Jun 2026 07:36:00 +0900",긍정,"지방선거, 차로, 대구, 지킨, 추경호"
로봇,"서혜부탈장, 단순 근육통 착각 말고 조기 진료가 중요한 이유","인천세종병원 로봇수술센터 통계에 따르면 최근 37세부터 54세까지 다양한 연령대 환자를 대상으로 단일공 로봇 탈장수술을 시행했으며, 남성뿐 아니라 40대 여성 환자 사례도 포함됐다. 서혜부탈장은 장이나 지방조직이... ",https://n.news.naver.com/mnews/article/018/0006296906?sid=102,"Thu, 04 Jun 2026 07:35:00 +0900",중립,"서혜부탈장, 단순, 근육통, 착각, 말고"
로봇,[가전] LG 틔운 미니 경북 초교 스마트팜 교육 / 삼성 비스포크 AI 스팀...,"◼︎ 삼성전자 '비스포크 AI 스팀' 로봇청소기, 월 판매 2만대 첫 돌파 삼성전자의 '비스포크 AI 스팀' 로봇청소기가 지난달 월 판매량 2만 대를 처음으로 넘어섰다고 4일 밝혔다. 전년 동기 대비 약 60% 성장한 수치다.... ",https://www.webeconomy.co.kr/news/articleView.html?idxno=2188927,"Thu, 04 Jun 2026 07:28:00 +0900",긍정,"가전, 틔운, 미니, 경북, 초교"
로봇,"[투자노트] ‘삼겹살 회동 D-1’… 젠슨 황 랠리, 진짜 수혜주 찾아라","김두언 하나증권 연구원은 “시장은 이벤트에 반응하지만 추세는 실제 사업 성과가 만든다”며 “사진이나 회동 자체는 단기 재료에 불과하지만 공동 개발, 데이터센터 구축, 그래픽처리장치(GPU) 구매, 로봇 플랫폼... ",https://n.news.naver.com/mnews/article/366/0001169289?sid=101,"Thu, 04 Jun 2026 07:25:00 +0900",긍정,"투자노트, 삼겹살, 회동, 젠슨, 랠리"
로봇,[6·3 지선]'초박빙 역전극' 추경호 대구시장 당선…&quot;첫째도 둘째도 경제...,"AI·로봇·미래모빌리티·바이오 등 5대 미래 첨단 신산업에 인공지능 엔진을 탑재해 첨단 산업 메카로 육성하는 동시에, 전통 주력 산업인 기계·금속·섬유 산업의 스마트화 고부가가치화를 최우선 과제로 삼아 생산성과... ",https://www.asiatime.co.kr/article/20260604500008,"Thu, 04 Jun 2026 07:20:00 +0900",긍정,"지선, 초박빙, 역전극, 추경호, 대구시장"
로봇,"[아주증시포커스] 골드만삭스, 코스피 목표 1만2000 상향…&quot;반도체가 이...",휴머노이드 로봇 아틀라스용 액추에이터 사업 성장성을 반영해 목표주가를 90만원으로 상향하고... -향후 액추에이터뿐 아니라 센서·제어기까지 사업 영역을 확대해 로봇 핵심 부품 통합 공급업체로 성장할... ,https://www.ajunews.com/view/20260604071502344,"Thu, 04 Jun 2026 07:18:00 +0900",긍정,"아주증시포커스, 골드만삭스, 코스피, 목표, 상향"
로봇,김의겸 군산·김제·부안갑 당선인 &quot;군산 심장 다시 뛰게 할 것&quot;,주요 핵심 공약으로 △군산 AI·로봇 산업 메카 조성 △HJ중공업 군산조선소 완전 부활 등을 제시하며 지역 경제 회복을 약속했다. 아울러 주민들의 삶과 밀접한 △어르신 온(溫)동네 케어 시스템 구축 △중장년층 맞춤형... ,https://n.news.naver.com/mnews/article/421/0008984414?sid=162,"Thu, 04 Jun 2026 07:18:00 +0900",중립,"김의겸, 군산, 김제, 부안갑, 당선인"
로봇,"젠슨 황, 오늘(4일) 저녁 입국…내일 성수동 소맥 회동","이 자리에서는 고대역폭 메모리(HBM), AI 데이터센터, 자율주행, 로봇, 피지컬 AI 등 엔비디아와 국내 기업 간... 황 CEO는 이날 오전 서울 신라호텔에서 국내 AI·로봇 스타트업 대표들과 비공개 간담회를 할 것으로... ",https://www.slist.kr/news/articleView.html?idxno=743207,"Thu, 04 Jun 2026 07:12:00 +0900",중립,"젠슨, 오늘, 저녁, 입국, 내일"
로봇,[증시전략] AI 투자심리 향방 결정할 브로드컴 실적 발표…평가는?,"출연…로봇·AI 일정도 - 반도체 넘어 로봇·피지컬 AI로 협력 확대…릴레이 회동 - 엔비디아, 현대차·LG·두산과 피지컬 AI 협력 확대 - 현대차, 자율주행·SDV 등 엔비디아와 전략적 협업 - 엔비디아-LG전자 '로봇 사업... ",https://n.news.naver.com/mnews/article/374/0000513892?sid=104,"Thu, 04 Jun 2026 07:08:00 +0900",긍정,"증시전략, 투자심리, 향방, 결정할, 브로드컴"
로봇,공정위 '내부거래 경고' 아랑곳…포스코DX·현대오토는 더 늘었다,"지난 2월에는 포스코, 포스코기술투자, 페르소나 AI와 함께 산업용 휴머노이드 로봇의 현장 적용을 위한 MOU(업무협약)을 체결했다. 이 중 포스코DX는 로봇 자동화 시스템을 설계·구축하고, 제철소 특화모델... ",https://www.newsway.co.kr/news/view?ud=2026060216401583398,"Thu, 04 Jun 2026 07:08:00 +0900",부정,"공정위, 내부거래, 경고, 아랑곳, 포스코"
로봇,"[6월 선거] 서울 강남구청장, '서울시의장' 출신 국민의힘 김현기 당선","조세부담 완화 세제 개편 추진 △위례과천선, 위례신사선 조속 추진 및 주민 요구 역사 적극 반영 △수서지구 서울 동남권 거점 지구로 육성 △테헤란로 벤처캐피탈과 수서역세권 로봇산업 연계로 신산업 육성 등이다.",https://n.news.naver.com/mnews/article/018/0006296890?sid=100,"Thu, 04 Jun 2026 07:06:00 +0900",중립,"선거, 서울, 강남구청장, 서울시의장, 출신"
로봇,이기형 김포시장 당선인 “김포대도약 실현하겠다”,"김포를 RE100 기반 미래첨단전략산업 거점도시로 육성하고 AI·로봇·바이오 기업 유치에 나서는 한편, 서울지하철 5호선 연장과 GTX-D 강남 직결, 인천2호선 연계 등을 통해 교통 문제 해결에 나서겠다는 구상을 밝힌 바... ",https://www.kyeongin.com/article/1764990,"Thu, 04 Jun 2026 07:06:00 +0900",중립,"이기형, 김포시장, 당선인, 김포대도약, 실현하겠다"
로봇,"현대차, 올해 신차 20개 프로젝트 추진…하반기 반등 노려","두산로보틱스는 협동로봇 하드웨어에 원엑시아의 AI 솔루션을 결합한 턴키 방식의 지능형 로봇 솔루션을 공급 체계로 내재화하고, 3월 미국 법인에 약 240억 원을 출자해 펜실베이니아주에 신공장도 구축 중이다.... ",https://n.news.naver.com/mnews/article/011/0004627505?sid=101,"Thu, 04 Jun 2026 07:05:00 +0900",중립,"현대차, 올해, 신차, 프로젝트, 추진"
로봇,"더불어민주당 의정부시장 탈환…김원기, 접전 끝에 당선","이번 선거에서 주요 공약으로 민생지원금에 준하는 지역화폐 지급, 의정부형 공공배달앱 운영, 시민이 참여하는 재정정책혁신 TF, 시민정책아고라 운영, 캠프 레드클라우드에 로봇 및 AI 등과 관련한 연구개발(R&amp;D)... ",https://n.news.naver.com/mnews/article/021/0002795339?sid=100,"Thu, 04 Jun 2026 07:03:00 +0900",긍정,"더불어민주당, 의정부시장, 탈환, 김원기, 접전"
원자력,"이란, 미 우방 쿠웨이트 공항 공격…'종전 협상 타결' 기대 무색, 휴전 ...",국제원자력기구(IAEA)가 회원국들에 배포한 119쪽짜리 비공개 문서에는 이란의 고농축 우라늄(HEU) 440.9킬로그램(kg)을 포함한 대규모 핵물질이 지난해 6월 이란 핵시설 공격 전과 달리 더 이상 매주 사찰 대상이 아니라며... ,https://www.asiatoday.co.kr/kn/view.php?key=20260604010001171,"Thu, 04 Jun 2026 07:12:00 +0900",긍정,"이란, 우방, 쿠웨이트, 공항, 공격"
원자력,[우분투칼럼] 아프리카 원자력 시장의 기회…한국이 주목할 이유,"원자력 에너지는 많은 한국인이 아프리카를 생각할 때 가장 먼저 떠오르는 분야는 아닐 것이다. 아프리카는... 그러나 조용히, 공론의 장 밖에서, 여러 아프리카 국가는 원자력 에너지를 장기 국가개발 전략의 일부로... ",https://n.news.naver.com/mnews/article/001/0016118387?sid=101,"Thu, 04 Jun 2026 07:00:00 +0900",중립,"우분투칼럼, 아프리카, 원자력, 시장의, 기회"
원자력,주낙영 경주시장 3선 성공…&quot;말보다 결과로 보답&quot;,주낙영 당선인은 핵심 공약으로 △관광객 6천만 시대 및 세계 10대 관광도시 도약 △포스트 APEC 추진을 통한 경주 대도약 디딤돌 마련 △차세대 K-원자력 에너지 혁신 클러스터 구축 △미래자동차 혁신 생태계 조성을 통한... ,https://www.kyongbuk.co.kr/news/articleView.html?idxno=4074593,"Thu, 04 Jun 2026 06:46:00 +0900",긍정,"주낙영, 경주시장, 성공, 말보다, 결과로"
원자력,"초소형원자로 MMR, 한미 우주협력 새 카드 되나","우리나라도 한국원자력연구원이 2019년 설계기술을 개발하기 시작했고, 2023년 창의형융합연구사업을 통해... 통신과 원자력 분야를 주목하는 데 기반해 히트파이프 원자로 기술을 협력 의제로 검토 중인 것으로 알려졌다.... ",https://n.news.naver.com/mnews/article/001/0016118343?sid=105,"Thu, 04 Jun 2026 06:33:00 +0900",중립,"초소형원자로, 한미, 우주협력, 카드, 되나"
원자력,"정부 '장보고 N사업' 공식화…K조선, '핵잠수함' 시대 열리나","한국이 핵무기를 개발하거나 보유하지 않으며, 국제원자력기구(IAEA)의 핵비확산 의무를 지키겠다는... 반면 핵추진잠수함은 원자력을 동력 삼아 무제한의 잠항 능력을 가져 수개월 동안 수중에서 올라오지 않고 작전을... ",https://www.goodkyung.com/news/articleView.html?idxno=287740,"Thu, 04 Jun 2026 06:30:00 +0900",중립,"장보고, 사업, 공식화, 조선, 핵잠수함"
원자력,"[단독] PE는 ‘중복상장 금지’에 이탈... 클로봇, 두산로지스틱스 홀로...","두산로지스틱스솔루션 매각은 사업 포트폴리오 재편의 일환으로 추진됐다. 두산그룹은 원자력 등 에너지 중심으로 사업 구조 전환을 결정, 지난해 말부터 두산로지스틱스솔루션 매각을 추진한 것으로 파악됐다.",https://n.news.naver.com/mnews/article/366/0001169267?sid=101,"Thu, 04 Jun 2026 06:01:00 +0900",중립,"단독, 중복상장, 금지, 이탈, 클로봇"
원자력,반년 넘게 지연 끝에 돌기 시작한 '핵잠 시계'…한미 '정례화' 물꼬,한미 양국이 핵추진잠수함(핵잠) 도입과 원자력 협정 개정 또는 조정을 위한 첫 실무협의를 마무리하면서... 3일엔 '한미 원자력 협정'을 집중 논의했다. 외교부는 보도자료에서 &quot;이번 협의 시 양측은 가능한 한 조속히... ,https://n.news.naver.com/mnews/article/421/0008984279?sid=100,"Thu, 04 Jun 2026 06:00:00 +0900",중립,"반년, 넘게, 지연, 끝에, 돌기"
원자력,"“실제 차값 반토막”... 도쿄도, 전기차 보조금 130만 엔 파격 인상으로...","원자력 발전소가 밀집한 지역 주민에게 추가 혜택을 주는 등 후쿠이현은 기본 10만 엔에 18~29세 청년층에게 40만 엔의 높은 금액을 제공하고 있으며, 많은 지방정부는 고속 충전기나 충전 장비 같은 인프라 개발도... ",https://www.g-enews.com/view.php?ud=2026060316370811130c8c1c064d_1,"Thu, 04 Jun 2026 05:36:00 +0900",중립,"실제, 차값, 반토막, 도쿄도, 전기차"
원자력,공기업은 유치 매립지는 반대…선거에 밀렸던 지방 이슈 수면 위로[Pick...,동해안의 남는 원자력·화력 발전소의 전기를 수도권 첨단산업 단지로 공급하기 위해 필수적인 설비지만 하남시장이 인허가를 내주지 않아 약 2년째 작업이 전면 중단된 상황이다. 수도권 매립지를 대신할 대체 부지 선정... ,https://n.news.naver.com/mnews/article/011/0004627474?sid=101,"Thu, 04 Jun 2026 05:31:00 +0900",중립,"공기업은, 유치, 매립지는, 반대, 선거에"
원자력,"NH아문디자산운용, AI 반도체 넘어 '전력·원전 인프라'로 간다","NH아문디자산운용이 인공지능(AI) 반도체, 원자력, 전력설비, 피지컬AI 등 성장 테마를 선점하며 HANARO... 핵심 성장 축은 반도체와 원자력, 전력설비 등 AI 인프라와 연결된 테마형 ETF다. 대표 상품은 HANARO Fn K... ",https://n.news.naver.com/mnews/article/417/0001145997?sid=101,"Thu, 04 Jun 2026 05:08:00 +0900",긍정,"아문디자산운용, 반도체, 넘어, 전력, 원전"
원자력,'월 배당·밸류체인' 시장 빈틈에 강한 신한자산운용,"신한운용은 상대적으로 후발 주자로 시작했기 때문에 반도체와 원자력, 조선, 방산 등의 테마를 단순히 추종해서는 차별화가 어렵다고 판단했다. 이에 해당 테마를 깊이 있게 분석하는 한편 전후방 산업과 소재... ",https://n.news.naver.com/mnews/article/417/0001145995?sid=101,"Thu, 04 Jun 2026 05:06:00 +0900",중립,"배당, 밸류체인, 시장, 빈틈에, 강한"
원자력,이부진 요리스승 “췌장암 완치”…90대 장수 노인들의 비밀,그는 이승만 정부 시절인 1959년 ‘1호 국비 원자력 장학생’에 선발돼 미국으로 유학 왔다. 1968년 한국인 최초로 세계적인 학술지 ‘네이처’에 논문을 게재한 석학이다. 직접 지켜본 송창원의 일상은 활력과 여유... ,https://n.news.naver.com/mnews/article/025/0003527922?sid=103,"Thu, 04 Jun 2026 05:00:00 +0900",부정,"이부진, 요리스승, 췌장암, 완치, 장수"
원자력,후커 미 정무차관 방한…한미 고위급 연쇄 회동,후커 차관은 전날 위성락 국가안보실장과의 면담과 관련해 &quot;이번 주 시작된 양자 원자력 협력 진전을 위해 긴밀히 협력하기로 했다&quot;며 경제안보 관련 현안도 다뤘다고 전했다. 한미 안보 협의에 영향을 미쳐온 한국의 대미... ,https://www.cbci.co.kr/news/articleView.html?idxno=579274,"Thu, 04 Jun 2026 05:00:00 +0900",중립,"후커, 정무차관, 방한, 한미, 고위급"
원자력,[이재명정부 1년] 멈췄던 국가 다시 돌렸다… '실용외교·전략산업'으로...,"특히 원자력 협력과 핵추진잠수함 관련 논의, 첨단기술 공급망 협력은 국방과 산업 경쟁력을 함께 강화할 수 있는 의제로 부각됐다. 한일 관계에서도 실용 기조는 분명했다. 이 대통령은 일본 정상과의 회담을 이어가며... ",http://www.the-biz.co.kr/news/articleView.html?idxno=721863,"Thu, 04 Jun 2026 04:36:00 +0900",중립,"이재명정부, 멈췄던, 국가, 다시, 돌렸다"
원자력,"韓美, 핵잠-우라늄 농축 등 이슈 세분화 조율… 내달 美서 협의 계속","전날 핵추진 잠수함(핵잠) 건조 문제에 이어 이날 회의에선 한미원자력협력협정 개정 방식과 범위는... 농축·재처리, 핵잠, 원자력협력협정 개정 등의 이슈를 세분화해 이행 상황과 진척도를 확인하겠다는 뜻으로... ",https://n.news.naver.com/mnews/article/020/0003724391?sid=100,"Thu, 04 Jun 2026 04:32:00 +0900",중립,"핵잠, 우라늄, 농축, 이슈, 세분화"
원자력,美국무 “우리 기업에 대한 한국 태도가 무역 합의에 영향”,"한미가 지난해 발표한 팩트시트(Fact Sheet·공동 설명 자료)는 한국의 원자력 추진 잠수함 도입, 사용후핵연료 재처리 및 우라늄 농축 권한 확대 등을 망라하고 있다. 국가안보실과 외교부가 주도해 태스크포스(TF)를 꾸려... ",https://n.news.naver.com/mnews/article/023/0003980088?sid=104,"Thu, 04 Jun 2026 02:59:00 +0900",긍정,"국무, 기업에, 대한, 한국, 태도가"
원자력,"'세일즈 군수' 선언한 조주홍, 56.41% 득표로 영덕군수 당선","주요 공약으로는 신규 원자력발전소 유치, 영덕이 가진 천혜의 바다와 산림 자원을 활용한 소득 창출, 과거 발생한 대형 산불 피해 지역의 회복을 기회로 삼는 복구 거점화 등을 꼽았다. 이를 통해 군민 모두가 함께... ",https://www.straightnews.co.kr/news/articleView.html?idxno=304041,"Thu, 04 Jun 2026 02:18:00 +0900",중립,"세일즈, 군수, 선언한, 조주홍, 득표로"
원자력,"한미, 팩트시트 후속 1차 안보협의…이행 '타임라인' 논의",이날 회의에서는 원자력의 민간·상업적 이용에 해당하는 우라늄 농축과 사용후핵연료 재처리 문제가 집중적으로 다뤄졌다. 2035년까지 적용되는 한미 원자력협력협정의 개정 여부와 범위를 놓고 의견을 교환한 것으로... ,https://www.cbci.co.kr/news/articleView.html?idxno=579270,"Thu, 04 Jun 2026 02:06:00 +0900",중립,"한미, 팩트시트, 후속, 안보협의, 이행"
원자력,APEC 원자력 농업대전환 속도…경북 국책사업 연속성 확보,"포항과 경주, 울진을 축으로 하는 원자력·수소·신재생에너지 산업벨트 구축은 국가 에너지 전략과 맞물려... 경북도는 원자력과 수소, 재생에너지를 아우르는 국내 최대 에너지 산업 클러스터 구축을 목표로 하고 있다.... ",https://www.kyongbuk.co.kr/news/articleView.html?idxno=4074574,"Thu, 04 Jun 2026 01:12:00 +0900",긍정,"원자력, 농업대전환, 속도, 경북, 국책사업"
원자력,[李정부 1년④] 실용외교 2년차… '균형' 넘어 '한국형' 외교 시험대,정부는 대미 외교에서 핵추진잠수함 건조 승인과 원자력 협력 지지를 확보했고 대중 외교에서는 대통령의 연초 순방과 권력 서열 1·2·3위 지도부와의 연쇄 회동을 통해 경색됐던 경제협력 채널을 복원했다. 한일 관계 역시... ,https://www.newscj.com/news/articleView.html?idxno=3406389,"Thu, 04 Jun 2026 01:10:00 +0900",중립,"실용외교, 년차, 균형, 넘어, 한국형"
자동차,"美산업계 &quot;메모리 공급 부족, 가격에 영향…美생산 늘려야&quot;","인공지능(AI) 열풍으로 촉발된 전 세계적인 메모리 반도체 부족 사태가 자동차 업체부터 의료기기... 해당 서한에는 자동차혁신연합(AAI), 전미소매연맹(NRF), 의료기기제조업협회(MDMA), 전미케이블TV협회, 통신산업협회(TIA)... ",https://n.news.naver.com/mnews/article/018/0006296918?sid=101,"Thu, 04 Jun 2026 07:48:00 +0900",긍정,"산업계, 메모리, 공급, 부족, 가격에"
자동차,EU 철강 규제 초읽기⋯여한구 &quot;韓 철강 막으면 EU 경제도 타격&quot;,또한 이 조치가 한국산 철강의 수출 차질을 넘어 EU 역내에 수십억 달러를 투자하고 수만 개의 일자리를 창출해 온 한국 자동차 및 가전 기업들의 활동에도 악영향을 미칠 수 있음을 강조하고 제도의 유연한 운영을... ,https://www.etoday.co.kr/news/view/2590303,"Thu, 04 Jun 2026 07:48:00 +0900",중립,"철강, 규제, 초읽기, 여한구, 철강"
자동차,"EU 철강 쿼터 도입 임박…여한구, 브뤼셀서 쿼터 방어 총력",여 본부장은 이어 유럽의회 주요 의원들과도 연쇄 면담을 갖고 EU 철강 조치가 한국산 철강의 시장 접근을 제한할 뿐 아니라 유럽에 대규모 투자를 진행해 온 한국 자동차·가전 기업들의 생산과 투자 활동에도 부정적... ,https://n.news.naver.com/mnews/article/277/0005771499?sid=101,"Thu, 04 Jun 2026 07:48:00 +0900",부정,"철강, 쿼터, 도입, 임박, 여한구"
자동차,"디케이티, 신사업 가동 본격화…연간 실적 전망 상향-하나",하나증권은 디케이티(290550)에 대해 1분기 호실적을 통해 사업 구조 개선 효과가 확인된 가운데 자동차용 유기발광다이오드(OLED)와 로보틱스 충전 모듈 등 신사업이 본격 가동 국면에 진입했다고 평가했다. 4일... ,https://n.news.naver.com/mnews/article/018/0006296916?sid=101,"Thu, 04 Jun 2026 07:46:00 +0900",긍정,"디케이티, 신사업, 가동, 본격화, 연간"
자동차,"GA도 1200%룰…보험사 신계약 경쟁, '유지율 싸움'으로","손보사 역시 장기보험 신계약이 CSM 확보의 핵심 축이지만, 실손보험과 자동차보험 손해율 부담이 이어지는 상황에서 판매 품질이 흔들리면 향후 손익 변동성이 커질 수 있다. 결국 7월부터 시작되는 GA 규제는... ",http://www.metroseoul.co.kr/article/20260604500003,"Thu, 04 Jun 2026 07:46:00 +0900",중립,"보험사, 신계약, 경쟁, 유지율, 싸움"
자동차,"젠슨 황, 4~8일 '광폭행보'...최태원·정의선·구광모·이해진·박정원·...","젠슨 황 CEO는 5일 저녁 서울 성수동의 한 삼겹살 음식점에서 최태원 SK그룹 회장, 정의선 현대자동차그룹 회장, 구광모 LG그룹 회장, 이해진 네이버 의장 등 국내 주요 기업인들과 만날 것으로 관측된다. 하이닉스는... ",https://www.greened.kr/news/articleView.html?idxno=341821,"Thu, 04 Jun 2026 07:40:00 +0900",중립,"젠슨, 광폭행보, 최태원, 정의선, 구광모"
자동차,[챗ICT]네이버가 블로그·카페에 1조 베팅한 이유,"여행, 라이프, 테크 등 상위 10개 부문을 비롯해 건강·육아·영화·자동차 등 하위 25개 주제에서 'AI 브리핑 인용 수'를 기준으로 매달 우수 창작자 3000명을 선발해 공인하기로 했습니다. 과거 네이버 생태계에 막강한... ",https://n.news.naver.com/mnews/article/648/0000047689?sid=105,"Thu, 04 Jun 2026 07:40:00 +0900",중립,"네이버가, 블로그, 카페에, 베팅한, 이유"
자동차,"독일 산업계, 원자재난에 '비상'… 화학·전기 업종 생산 차질 현실화",반면 자동차산업의 경우 공급난을 겪는 기업 비중이 10.0%에 그쳐 상대적으로 안정적인 공급망을 유지하고 있는 것으로 나타났다. 소비재 중심의 음료 산업과 식품 산업은 각각 0%와 6.9%의 낮은 수치를 기록하며 이번... ,https://www.g-enews.com/view.php?ud=2026060407322543582bd56fbc3c_1,"Thu, 04 Jun 2026 07:38:00 +0900",중립,"독일, 산업계, 원자재난에, 비상, 화학"
자동차,"추경호 시대, 대구 경제 부활하나…GRDP 200조 시대 연다",2020년 초부터 중국 상하이에 건설한 아시아 1공장(기가팩토리 상하이)에서 자동차를 생산 중인 테슬라가 아시아 2공장 건설 계획이 완전히 사라진 게 아닌 만큼 적극적인 유치에 나서 대구를 '완성차 20만대 생산도시'로... ,https://n.news.naver.com/mnews/article/421/0008984431?sid=162,"Thu, 04 Jun 2026 07:37:00 +0900",중립,"추경호, 시대, 대구, 경제, 부활하나"
자동차,"젠슨 황, 4일 방한 전망…'삼겹살 회동'부터 AI·로봇 협력까지","엔비디아가 AI 생태계 핵심 기업으로 자리 잡은 만큼 메모리, 자동차, 플랫폼 기업들과의 협력 방향이 방한 일정 전반의 중심축이 될 것으로 예상된다. 황 CEO는 게임업계와의 접점도 확대할 예정이다. 7일에는 김택진... ",https://www.ebn.co.kr/news/articleView.html?idxno=1711153,"Thu, 04 Jun 2026 07:36:00 +0900",긍정,"젠슨, 방한, 전망, 삼겹살, 회동"
자동차,"글로벌 1위 도요타, 일본車 위기에도 '왕좌' 지킬까","일본차 시장 전반에 경고 신호가 감지되는 만큼, 자동차 업계에서는 도요타의 발 빠른 체질 개선이... 지난 4월 혼다는 닛산에 이어 국내 자동차 판매사업을 전격 철수했다. 시장에 진출한지 약 23년 만이다. 이로써... ",https://www.newsway.co.kr/news/view?ud=2026060214401641427,"Thu, 04 Jun 2026 07:32:00 +0900",긍정,"도요타, 일본, 위기에도, 왕좌, 지킬까"
자동차,"현대차그룹, 美 현지 생산시설 HMGMA서 스포티지 HV 생산 개시","기아 북미권역본부장 및 미국판매법인장 윤승규 사장은 &quot;메타플랜트는 기아가 조지아주에서 진행한 두 번째 대규모 투자로, 기아가 자동차 산업 중심지로서 조지아주의 지속적인 성장 가능성을 높이 평가하고... ",https://www.autodaily.co.kr/news/articleView.html?idxno=544609,"Thu, 04 Jun 2026 07:32:00 +0900",긍정,"현대차그룹, 현지, 생산시설, 스포티지, 생산"
자동차,【오늘의 법조】 2026년 6월 4일,법무법인 지음(대표변호사 김설이·김현종·이호영)이 인천광역시 중구의 '이동소음 규제지역 개정고시' 중 배기소음 95데시벨(dB)을 초과하는 이륜자동차에 대한 야간 통행금지 처분을 취소하는 집단소송을 대리한다.,https://www.lawtimes.co.kr/news/articleView.html?idxno=221541,"Thu, 04 Jun 2026 07:30:00 +0900",중립,"오늘의, 법조, 법무법인, 지음, 대표변호사"
자동차,&quot;韓·아프리카 미래지향 협력 모델 구축해야&quot;…무협 비즈니스 라운드테...,"이어 진행된 토론에서 범아프리카상공회의소 케부르 게나(Kebour Ghenna) 의장은 에티오피아(섬유·의류), 이집트·알제리(자동차), 남아공(전자제품) 등 아프리카에서 한국 제조업에 대한 관심이 높아지고 있으며... ",https://n.news.naver.com/mnews/article/277/0005771486?sid=101,"Thu, 04 Jun 2026 07:27:00 +0900",중립,"아프리카, 미래지향, 협력, 모델, 구축해야"
자동차,美 '중국산 전기차' 진입 원천 봉쇄 움직임… 북미 자동차 시장 재편 예...,글로벌 자동차 공급망에 전운이 감돌고 있다. 지난 2일(현지시각) 글로벌 뉴스(Global News) 등 외신 보도를... 미시간주의 헤일리 스티븐스 하원의원과 엘리사 슬로킨 상원의원이 발의한 '중국산 자동차로부터 미국 보호법... ,https://www.g-enews.com/view.php?ud=202606040702515672bd56fbc3c_1,"Thu, 04 Jun 2026 07:18:00 +0900",중립,"중국산, 전기차, 진입, 원천, 봉쇄"
자동차,"삼성화재, 급증하는 페달 오조작 잔혹사 막을 '중·고속 가속 억제 기술...",자동차 가속 페달과 브레이크 페달을 혼동해 발생하는 이른바 페달 오조작 사고가 위험 수위를 넘어서고 있다. 단순한 운전 미숙을 넘어 대형 인명 피해로 직결되는 치명적인 교통재해로 부상함에 따라 차량 제조... ,https://www.thefairnews.co.kr/news/articleView.html?idxno=78606,"Thu, 04 Jun 2026 07:16:00 +0900",부정,"삼성화재, 급증하는, 페달, 오조작, 잔혹사"
자동차,"[SAFE-4-DAY] 에어컨 빵빵한 내 차, 왜 더 졸릴까","한국교통안전공단(TS) 자동차안전연구원은 지난해 12월 발표한 '실도로 주행환경 기반 차 실내공기질 관리... 국토부의 자동차관리법상 신차 실내공기질 조사는 차량 실내 내장재에서 나오는 폼알데하이드, 톨루엔, 벤젠 등... ",https://www.safetimes.co.kr/news/articleView.html?idxno=243190,"Thu, 04 Jun 2026 07:12:00 +0900",중립,"에어컨, 빵빵한, 졸릴까, 한국교통안전공단, 자동차안전연구원은"
자동차,"[이넷뉴스 브랜드평판] 현대차, 전기차 상장기업 6월 1위... 삼성SDI, LG에...","한국기업평판연구소 구창환 소장은 &quot;2026년 6월 전기차 관련 상장기업 브랜드평판 결과, 현대자동차 ( 대표 정의선, 호세무뇨스 ) 브랜드가 1위를 기록했다. 전기차 관련 상장기업 브랜드 카테고리를... ",https://www.enetnews.co.kr/news/articleView.html?idxno=50785,"Thu, 04 Jun 2026 07:08:00 +0900",중립,"이넷뉴스, 브랜드평판, 현대차, 전기차, 상장기업"
자동차,[기초의원 당선인 명단] 인천,(국·70·㈜한양자동차운전전문학원 학과강사) &lt;나선거구&gt; ▲ 김태형(민·52·회사원) ▲ 고선희(민·65... (국·63·현대자동차 블루핸즈 검암점 대표) 검단구 &lt;가선거구&gt; ▲ 김남원(민·54·인천 서구의회 의원) ▲ 이현주... ,https://n.news.naver.com/mnews/article/001/0016118416?sid=102,"Thu, 04 Jun 2026 07:08:00 +0900",중립,"기초의원, 당선인, 명단, 인천, 한양자동차운전전문학원"
자동차,"푸조, 르망 첫 출전 100주년 맞아 9X8로 왕좌의 게임 정상 탈환 나선다","6월 12일부터는 MK2와 협업한 야외 자동차극장 '드라이브-인 파라디시오'에서 모터스포츠를 주제로 한... 자리이며, 역사적 퍼레이드와 야외 영화 상영을 통해 과거와 현재, 자동차 스토리텔링을 연결하겠다고 말했다.",https://www.autodaily.co.kr/news/articleView.html?idxno=544608,"Thu, 04 Jun 2026 07:06:00 +0900",중립,"푸조, 르망, 출전, 주년, 맞아"
자원개발EP,[게임뉴스] 모어펀 스튜디오 및 네오위즈 소식 외,"플레이어는 '플랫폼 매니저'가 되어 위험한 탐사 임무를 지휘하고, 방어 시설과 연구 개발, 자원 운용을... Pikselnesia에서 개발하고, Fellow Traveller에서 배급하는 비주얼 노벨 어드벤처 게임 'Afterlove EP'의 Nintendo Switch... ",https://www.gamevu.co.kr/news/articleView.html?idxno=57563,"Wed, 29 Apr 2026 19:18:00 +0900",부정,"게임뉴스, 모어펀, 스튜디오, 네오위즈, 소식"
자원개발EP,"[팟캐스트 Ep.144] 너보스의 반전 선택, 모두가 EVM 따라할 때 비트코인...",한정된 개발 자원을 이제 어디에 집중할 거냐 이걸 정한 건데 앞으로는 비트코인 연동 강화 그러니까 앞서 말한 RGB++나 파이버 네트워크 같은 UTXO 네이티브 기술 혁신에 올인하겠다는 겁니다. 아 잠깐만요. 그럼 EVM... ,https://www.tokenpost.kr/news/insights/287890,"Fri, 30 Jan 2026 12:42:00 +0900",긍정,"팟캐스트, 너보스의, 반전, 선택, 모두가"
자원개발EP,병합부터 시작하는 그린란드 접근권 얻기…트럼프 태세전환의 진짜 이유...,"미국 입장에선 러시아 핵잠수함의 대서양 진출을 막을 수 있는 데다, 자원 개발과 북극 항로를 중심으로 러시아의 주도권 확대를 견제할 수 있는 전략적 거점으로 보고 있는 것입니다. 트럼프 행정부가 추진 중인 다층... ",https://n.news.naver.com/mnews/article/449/0000333297?sid=104,"Sun, 25 Jan 2026 09:01:00 +0900",긍정,"병합부터, 시작하는, 그린란드, 접근권, 얻기"
자원개발EP,"해석 데이터 기반 공정 최적화, 사출성형 산업의 새로운 축",최초로 개발된 폴리케톤 EP 소재에 특화된 사출성형 시뮬레이션 물성 데이터를 구축했다. 또한 열가소성... 기술개발사업에서는 인공지능과 사출성형 시뮬레이션을 결합한 공정 최적화 기술을 개발 중이다. 산업통상자원... ,http://www.engjournal.co.kr/news/articleView.html?idxno=3618,"Fri, 23 Jan 2026 09:18:00 +0900",중립,"해석, 데이터, 기반, 공정, 최적화"
자원개발EP,해외건설 수주액 11년 만에 최대…체코 원전 성과 속 중동 의존 과제,"에너지·자원 개발 사업 투자와 융자·보증, 민간 기업의 해외 공동 투자 및 리스크 관리, 탄소중립 및... 시공(EPC) 위주의 사업에서 금융결합형(EP+F)으로 한국기업의 포트폴리오 전환을 지원하기 위해 기업 매칭펀드 등... ",https://sports.hankooki.com/news/articleView.html?idxno=6921617,"Fri, 09 Jan 2026 16:58:00 +0900",긍정,"해외건설, 수주액, 만에, 최대, 체코"
자원개발EP,인니에서 터진 3442배럴 ‘검은 황금’… 韓 플랜트·물가 잡을 ‘구원...,인도네시아 현지 매체 데틱파이낸스는 지난 5일(현지시각) 페르타미나 EP(PEP)가 아데라(Adera) 광구의 ABB-143... ‘K-플랜트’ 수주 훈풍… 기자재 업계도 낙수 효과 기대 인도네시아의 자원 개발 가속화는 곧 한국 기업의... ,https://www.g-enews.com/view.php?ud=202601061353116191fbbec65dfb_1,"Tue, 06 Jan 2026 14:04:00 +0900",긍정,"인니에서, 터진, 배럴, 검은, 황금"
자원개발EP,[Who Is ?] 최근식 링크솔루션 대표이사,"이번 연구개발은 산업통상자원부 '소재부품기술개발사업(투자연계형)'의 일환으로 추진됐으며, 총... 프린터(EP-500), 대량 양산이 가능한 광조형(SLA) 프린터 등 다양한 기술을 전시했다. 이번에 선보인 Am FAB는 2025년... ",https://www.businesspost.co.kr/BP?command=article_view&num=421746,"Fri, 28 Nov 2025 07:36:00 +0900",중립,"최근식, 링크솔루션, 대표이사, 연구개발은, 산업통상자원부"
자원개발EP,9월 15일 주식시장 주요공시,"▶현대건설, 토탈에너지스(TOTALENERGIES EP RATAWI HUB SAS)와 4.39조원(최근 매출액대비 13.4%) 규모... 84%) 규모 축산자원개발부 이전사업 실시설계적격자 선정 ▶콜마홀딩스, 윤동한, 윤여원이 가처분 신청... ",https://www.catchnews.kr/news/articleView.html?idxno=114490,"Tue, 16 Sep 2025 09:04:00 +0900",중립,"주식시장, 주요공시, 현대건설, 토탈에너지스, 조원"
자원개발EP,"일본제철, US스틸 인수 위해 美정부에 황금주 부여키로",영국 정부는 2024년 체코의 EP그룹이 영국 우편회사 로열메일의 모회사인 인터내셔널 디스트리뷰션 서비스... 일본에서도 자원 개발 대기업인 INPEX의 황금주를 일본정부가 소유하고 있다. 트럼프 대통령은 오는 30일... ,https://n.news.naver.com/mnews/article/018/0006025450?sid=101,"Wed, 28 May 2025 09:21:00 +0900",중립,"일본제철, 스틸, 인수, 위해, 정부에"
자원개발EP,[병원계 소식] 3월 20일,"■고대안산병원, 한국전문소생술 심화과정 'KALS-EP' 교육기관 지정 경기 서남부 지역 유일의... 몽골 보건부 뱜바슈렌 투야 인적자원개발 과장은 &quot;의료진 연수, 학술대회 등 몽골 보건의료 발전에 도움을 주신... ",http://www.doctorstimes.com/news/articleView.html?idxno=231713,"Thu, 20 Mar 2025 17:24:00 +0900",중립,"병원계, 소식, 고대안산병원, 한국전문소생술, 심화과정"
자원개발EP,"제이스코홀딩스, 필리핀 다나가트 니켈광산 '상업용 채굴 허가' 획득","광산 개발 절차에서 필요한 탐사허가권(EP)과 광산개발승인권(MPSA)을 획득할 필요 없는 것이 가장 큰... 해외자원 개발 및 니켈광산 사업을 진행함에 있어 몇몇 시행착오도 겪었고, 수많은 오해도 받았다. 하지만... ",http://www.paxetv.com/news/articleView.html?idxno=208875,"Thu, 01 Aug 2024 13:26:00 +0900",중립,"제이스코홀딩스, 필리핀, 다나가트, 니켈광산, 상업용"
자원개발EP,제이스코홀딩스 “필리핀 다나가트 광산 상업용 채굴 허가 획득”,광산 개발 절차에서 필요한 탐사허가권(EP)과 광산개발승인권(MPSA)을 획득할 필요 없는 것이 가장 큰... 해외자원 개발 및 니켈광산 사업을 진행함에 있어 몇몇 시행착오도 겪었고 수많은 오해도 받았다. 하지만... ,https://n.news.naver.com/mnews/article/277/0005453863?sid=101,"Thu, 01 Aug 2024 11:18:00 +0900",중립,"제이스코홀딩스, 필리핀, 다나가트, 광산, 상업용"
자원개발EP,제이스코홀딩스 &quot;필리핀 다나가트 광산 상업용 채굴 허가 획득&quot;,"광산 개발 절차에서 필요한 탐사허가권(EP)과 광산개발승인권(MPSA)을 획득할 필요 없는 것이 장점이다.... 해외자원 개발 및 니켈광산 사업을 진행함에 있어 몇몇 시행착오도 겪었고, 수많은 오해도 받았다. 모든... ",https://n.news.naver.com/mnews/article/014/0005221786?sid=101,"Thu, 01 Aug 2024 09:27:00 +0900",중립,"제이스코홀딩스, 필리핀, 다나가트, 광산, 상업용"
자원개발EP,"제이스코홀딩스, 필리핀 디나가트 광산서 국내 최초 니켈 채굴 및 상업...","국영기업이 소유한 광산이기 때문에 다른 광산 개발 절차에서 필요한 탐사허가권(EP)과 광산개발승인권... 해외자원 개발 및 니켈광산 사업을 진행함에 있어 몇몇 시행착오도 겪었고, 수많은 오해도 받았다.... ",https://n.news.naver.com/mnews/article/025/0003377156?sid=101,"Thu, 01 Aug 2024 09:00:00 +0900",중립,"제이스코홀딩스, 필리핀, 디나가트, 광산서, 국내"
자원개발EP,에퀴노르 '크리스틴 사우스 프로젝트' 생산 시작,"노르웨이해의 새로운 자원 개발에 중요한 이정표가 될 전망이다. 21일 관련 업계에 따르면 에퀴노르와 파트너사인 페토로, 바르에네르기, 토탈에너지 EP 노르웨이는 크리스틴 사우스 프로젝트의 첫 번째 라브란스... ",http://www.theguru.co.kr/news/article.html?no=74508,"Sun, 21 Jul 2024 08:02:00 +0900",중립,"에퀴노르, 크리스틴, 사우스, 프로젝트, 생산"
자원개발EP,"앙골라, 우리 손길 기다리는 광물 자원","◆자원 개발 프로젝트 가동=현재 앙골라에서 주로 생산되는 자원은 석유와 다이아몬드다. 2021년 기준... 앙골라 공기업 페랑골-EP가 오잔고 지분의 27%를 보유하고 있다. 영국, 미국, 남아공 등에서 롱곤조 프로젝트를... ",https://weeklytrade.co.kr/news/view.html?section=1&category=136&item=&no=92036,"Sat, 22 Jun 2024 15:22:00 +0900",중립,"앙골라, 손길, 기다리는, 광물, 자원"
자원개발EP,미래생명자원 주가 상승 탄력...세계 육류와 곡물 가격 지속 상승,"미래생명자원은 식물성 단백질 개발 및 생산 사업에 대한 투자를 확대하고 있으며, 이는 미래 식량 시장에서... 미래생명자원 사업 부문을 사료 부문과 식품 부문으로 구분하고 있다. 사료 부문에서는 특수가공원료(EP)... ",https://www.pinpointnews.co.kr/news/articleView.html?idxno=269299,"Sat, 01 Jun 2024 15:14:00 +0900",긍정,"미래생명자원, 주가, 상승, 탄력, 세계"
자원개발EP,[게임가 엿보기] 엔씨소프트 국내외 ESG 평가에서 3년 연속 업계 최고 등...,"MSCI는 1999년부터 세계 상장기업을 대상으로 환경경영, 인적자원개발, 지배구조 등 ESG 관련 핵심 이슈를... 이와 함께 메타버스엔터테인먼트의 버추얼 아이돌 그룹 'MAVE:(메이브)'의 EP 'What's My Name(왓츠 마이 네임)'을... ",https://www.greened.kr/news/articleView.html?idxno=310003,"Thu, 28 Dec 2023 03:38:00 +0900",중립,"게임가, 엿보기, 엔씨소프트, 국내외, 평가에서"
자원개발EP,美 인공지능(AI) 관련주 '약세' 韓 국내 PCB 외국인의 선택은? 이수페타...,"남북-광물자원개발 관련주 약세 시노펙스 종목이 속한 남북-광물자원개발 관련주는 총 21개 종목으로... HDC현대EP, SNT다이내믹스, 에코볼트, 피에스텍, 세동, 풍강, HL홀딩스, 유성기업, 모토닉, 동양피스톤, 인화정공... ",https://www.thekpm.com/news/articleView.html?idxno=179733,"Tue, 07 Nov 2023 13:24:00 +0900",중립,"인공지능, 관련주, 약세, 국내, 외국인의"
자원개발EP,美 엔비디아·테슬라 등 AI 테마주 '폭등' 韓 국내 PCB 관련주에 외국인...,"남북-광물자원개발 관련주 상승세 시노펙스 종목이 속한 남북-광물자원개발 관련주는 총 21개 종목으로... HDC현대EP, 평화산업, 웹스, DH오토웨어, SG글로벌, 경창산업, 케이피에프, 케이비아이동국실업, 대원산업... ",https://www.thekpm.com/news/articleView.html?idxno=179348,"Fri, 03 Nov 2023 10:20:00 +0900",긍정,"엔비디아, 테슬라, 테마주, 폭등, 국내"
조선,"'무소속' 한동훈, 부산 북갑서 '하정우'에 극적 역전승",한동훈 부산 북구갑 당선인 (사진=TV조선 보도화면 캡쳐) 국회의원 보궐선거가 치러진 부산 북구갑에서 무소속 한동훈 후보가 더불어민주당 하정우 후보와 국민의힘 박민식 후보를 모두 꺾고 당선됐다. 국민의힘 장동혁... ,https://www.gukjenews.com/news/articleView.html?idxno=3599808,"Thu, 04 Jun 2026 07:48:00 +0900",중립,"무소속, 한동훈, 부산, 북갑서, 하정우"
조선,세상 소식이 산을 넘지 못한 땅 [지도 위를 걷다 봉화 각화산],"자료를 뒤적여 보니, 그곳은 조선시대의 왕조실록을 보관해서 꼭꼭 숨긴 사고史庫가 있을 만큼 산세가... 지금 내가 마주한 춘양목은 숱한 난리에도 살아남은 '조선의 소나무'들이다. 각화산의 험한 산세가 이들을 살린... ",https://n.news.naver.com/mnews/article/094/0000013574?sid=103,"Thu, 04 Jun 2026 07:45:00 +0900",중립,"세상, 소식이, 산을, 넘지, 못한"
조선,"김의겸, 군산에서 압도적 승리…침체된 지역경제 회복 요구 반영",김 당선인은 선거 과정에서 자신이 주도했던 현대차 새만금 투자 유치를 ‘완성해야 할 과제’로 제시하며 ▲현대차그룹 9조 원 투자 완수 ▲군산 AI‧로봇 산업 메카 조성 ▲HJ중공업 군산조선소 완전 부활 등을 핵심... ,https://www.thepowernews.co.kr/view.php?ud=2026060407362150553dfcd109a8_7,"Thu, 04 Jun 2026 07:44:00 +0900",부정,"김의겸, 군산에서, 압도적, 승리, 침체된"
조선,"[코스피·코스닥지수] 골드만삭스 &quot;코스피 목표치 9,000→12,000…강한 실...","방산, 조선, 전력공급 관련주도 긍정적으로 보고 있다&quot;며 &quot;한국 증시의 현재 선행 PER(주가수익비율)은 8.2배로, 과거 고점보다도 20% 낮다&quot;는 점도 함께 들었다. 하단은 7,820선으로 제시했다. 다만 삼성전자와... ",https://www.lecturernews.com/news/articleView.html?idxno=203600,"Thu, 04 Jun 2026 07:44:00 +0900",긍정,"코스피, 코스닥지수, 골드만삭스, 코스피, 목표치"
조선,잠실 7동 주민센터 수백명 대치…&quot;선거 무효&quot;,대표가 도착해 &quot;재투표가 있을 때까지 투쟁&quot;하겠다며 시위대를 응원하기도 했습니다. 현재 이곳에 투표함이 여전히 2개가 있는 만큼 당분간 대치는 계속 될 것으로 보입니다. 잠실 7동 제2투표소에서 TV조선 주원진입니다.,https://n.news.naver.com/mnews/article/448/0000616771?sid=162,"Thu, 04 Jun 2026 07:44:00 +0900",중립,"잠실, 주민센터, 수백명, 대치, 선거"
조선,"김정은, 핵물질 생산공장 시찰 &quot;핵무력 기하급수적 강화&quot;",조선중앙통신은 4일 김 위원장이 전날 새로 조업한 핵물질생산공장을 현지지도했다며 당 중앙위원회 군수공업부와 핵무기연구소 지도간부들이 동행했다고 보도했다고 연합뉴스가 전했다. 통신은 공장의 구체적인 위치나... ,https://www.slist.kr/news/articleView.html?idxno=743226,"Thu, 04 Jun 2026 07:44:00 +0900",중립,"김정은, 핵물질, 생산공장, 시찰, 핵무력"
조선,"오세훈 &quot;개표 중단&quot;, 장동혁 &quot;서울 재선거해야&quot;…靑 &quot;상황 엄정 주시&quot;",요구는 일고의 가치가 없다고 말씀드리겠습니다&quot; 청와대는 중앙선관위가 투표권 행사와 개표 관리에 차질이 없도록 책임 있는 조치를 바란다며 상황을 엄정하게 주시하고 있다는 입장을 냈습니다. TV조선 정민진입니다.,https://n.news.naver.com/mnews/article/448/0000616769?sid=162,"Thu, 04 Jun 2026 07:42:00 +0900",중립,"오세훈, 개표, 중단, 장동혁, 서울"
조선,선관위 &quot;선거 연기·재선거 사유 해당 안돼&quot;…한밤중 '대국민 사과',문제점을 정확히 파악하여 재발방지 대책을 마련하겠습니다.&quot; 국민의힘 지지자들과 일부 시민을 비롯한 시위대는 중앙선관위와 서울시 선관위 앞에서 새벽까지 이번 사태에 대해 강력 항의했습니다. TV조선 이정민입니다.,https://n.news.naver.com/mnews/article/448/0000616768?sid=162,"Thu, 04 Jun 2026 07:40:00 +0900",중립,"선관위, 선거, 연기, 재선거, 사유"
조선,골드만삭스도 베팅…코스피 1만 넘어 1만2000 간다,"◆ 반도체 넘어 방산·조선·전력까지…상승 동력 확산 골드만삭스는 특히 AI 시대의 핵심 수혜 업종으로... 골드만삭스는 방산과 조선, 전력공급 관련 업종도 유망 섹터로 제시했다. 글로벌 지정학적 갈등 확산과 전력... ",https://www.ebn.co.kr/news/articleView.html?idxno=1711154,"Thu, 04 Jun 2026 07:38:00 +0900",긍정,"골드만삭스도, 베팅, 코스피, 넘어, 간다"
조선,"초유의 투표지 '부족 사태'…송파·광진 등 14곳, 일부 밤 10시까지 투표","2022년 대선 '소쿠리 투표', 지난 대선 투표용지 외부 반출 등으로 논란이 된 상황에서 또 다시 초유의 부실 관리사태가 벌어지면서 선관위의 공정성 문제가 도마 위에 올랐습니다. TV조선 고승연입니다.",https://n.news.naver.com/mnews/article/448/0000616767?sid=162,"Thu, 04 Jun 2026 07:38:00 +0900",중립,"초유의, 투표지, 부족, 사태, 송파"
조선,"'부산 북구갑' 한동훈, 접전 끝에 하정우에 신승…&quot;보수 재건의 길 열 것...",이재명 대통령 참모 출신 후보와 국민의힘 후보를 모두 꺾고 국회 입성에 성공하면서 보수 진영에서의 한 후보 역할도 더욱 커질 거란 전망이 나옵니다. TV조선 김예나입니다.,https://n.news.naver.com/mnews/article/448/0000616766?sid=162,"Thu, 04 Jun 2026 07:36:00 +0900",중립,"부산, 북구갑, 한동훈, 접전, 끝에"
조선,민주 압승에 동아일보 &quot;장동혁 사퇴하라&quot; 한겨레 &quot;이재명 지원 국힘 심...,"움켜쥐다&gt; 조선일보 &lt;민주, 최소 11곳서 승리 … 지방권력도 쥐었다&gt; 중앙일보 &lt;여당 압승, 지방권력까지... 조선일보는 3면 기사 &lt;증시 신기록 앞세운 국정 안정론 먹혀… 지리멸렬 野가 심판 당해&gt;에서 &quot;여권이 내세운... ",https://n.news.naver.com/mnews/article/006/0000136085?sid=102,"Thu, 04 Jun 2026 07:35:00 +0900",중립,"민주, 압승에, 동아일보, 장동혁, 사퇴하라"
조선,"與, 텃밭 전북서도 이원택 승리…정청래 '연임 가도' 청신호",확인한 셈인데 전북 등의 승리를 발판으로 당권 도전에 보다 속도를 낼 것으로 보입니다. 김민석 총리 역시 당대표 출마가 거론되는 만큼 다음 당권을 둘러싼 경쟁은 한층 치열해 질 것으로 전망됩니다. TV조선 전정원입니다.,https://n.news.naver.com/mnews/article/448/0000616765?sid=162,"Thu, 04 Jun 2026 07:34:00 +0900",중립,"텃밭, 전북서도, 이원택, 승리, 정청래"
조선,"野, '보수 텃밭' 대구·경북 사수…경남 김경수-박완수 마지막까지 접전","아직 개표가 진행 중인데, 민주당 김경수 후보와 국민의힘 박완수 후보가 마지막까지 초접전을 벌이고 있습니다. 오전 7시 기준 박 후보가 51.59% 김 후보가 48.4%로 박 후보가 근소하게 앞서고 있습니다. TV조선 변정현입니다.",https://n.news.naver.com/mnews/article/448/0000616764?sid=162,"Thu, 04 Jun 2026 07:32:00 +0900",중립,"보수, 텃밭, 대구, 경북, 사수"
조선,재보궐 14곳 중 與 9곳 승리…범여권 분열에 野 유의동 '역전극',&quot; 평택을 선거를 두고 선거 내내 민주당과 신경전을 벌여온 조국혁신당은 앞으로 독자생존과 함께 민주당과의 관계 재정립이라는 과제를 안게 됐습니다. TV조선 이태형입니다.,https://n.news.naver.com/mnews/article/448/0000616762?sid=162,"Thu, 04 Jun 2026 07:30:00 +0900",긍정,"재보궐, 승리, 범여권, 분열에, 유의동"
조선,"동백아가씨 악보, 대중가요 첫 문화유산 등록 됐다","부산박물관 소장 '농가월령도 십이폭 병풍'과 '윤대집'은 조선시대 동래부를 중심으로 활동한 향리 출신 박주연 관련 자료로, 부산지역사의 특징을 보여주는 가치가 높은 유물이다. 또 '후한서'는 개인소장으로, 중국... ",https://n.news.naver.com/mnews/article/003/0013985986?sid=102,"Thu, 04 Jun 2026 07:30:00 +0900",중립,"동백아가씨, 악보, 대중가요, 문화유산, 등록"
조선,해양수산부 공공기관 브랜드평판 6월 빅데이터 분석... 1위 부산항만공...,"최근 해양산업은 물류와 조선, 해양관광, 해양바이오, 친환경 에너지 산업 등으로 영역을 넓히고 있다. 이에 따라 공공기관의 역할도 단순한 행정 지원을 넘어 산업 생태계 구축과 국가 경쟁력 확보로 확대되고... ",https://www.pinpointnews.co.kr/news/articleView.html?idxno=457373,"Thu, 04 Jun 2026 07:28:00 +0900",긍정,"해양수산부, 공공기관, 브랜드평판, 빅데이터, 분석"
조선,"오세훈, 정원오에 역전…개표 지연도",다만 서울 지역은 투표용지 부족 사태가 아직 마무리되지 않은 만큼 당분간 혼란이 계속될 수밖에 없을 것이란 전망이 나옵니다. 지금까지 정치부에서 TV조선 이채현입니다.,https://n.news.naver.com/mnews/article/448/0000616761?sid=162,"Thu, 04 Jun 2026 07:27:00 +0900",중립,"오세훈, 정원오에, 역전, 개표, 지연도"
조선,"김정은, 새 핵물질 생산공장 갔다…&quot;핵무력 기하급수적 강화&quot;",4일 조선중앙통신은 김 위원장이 전날 새로 조업한 핵물질생산공장을 현지지도했다며 당 중앙위원회... 김정은 북한 국무위원장이 지난 3일 새로 조업한 핵물질 생산공장을 현지지도했다고 조선중앙통신이 4일 보도했다.... ,https://n.news.naver.com/mnews/article/018/0006296901?sid=100,"Thu, 04 Jun 2026 07:26:00 +0900",중립,"김정은, 핵물질, 생산공장, 갔다, 핵무력"
조선,[사설] 대책이 없는 탄산 수급 대란,"이달부터 10월까지 최악의 수급 대란이 이어질 것이라는 어두운 전망을 내비쳤다. 무엇보다 반도체, 조선 등 국가기간산업의 제조 활동에 차질이 빚어지지 말아야 할 텐데 뾰족한 대책이 없다는 것은 매우 안타까운 대목이다.",https://www.gasnews.com/news/articleView.html?idxno=125393,"Thu, 04 Jun 2026 07:26:00 +0900",중립,"사설, 대책이, 없는, 탄산, 수급"
태양광,"“더 많이 하되, 말은 적게”... EU·中, 파리서 고위험 ‘당근과 채찍’...","실제로 유럽연합 집행위원회는 지난 4월, 태양광·풍력·배터리 설비에서 전력망으로 흐르는 전류를 통제하는 핵심 노드인 ‘중국산 인버터’를 사용하는 신규 프로젝트에 대해 EU 공공 자금 지원을 전면 금지하는... ",https://www.g-enews.com/view.php?ud=2026060407430898300c8c1c064d_1,"Thu, 04 Jun 2026 07:46:00 +0900",부정,"많이, 하되, 말은, 적게, 파리서"
태양광,우상호 강원도지사 당선인…“강원도 발전 마지막 정치적 사명”,"민통선 북상으로 새롭게 활용 가능한 지역에 태양광과 풍력 중심의 에너지 인프라를 구축하고, 접경지역 주민들에게는 이익을 공유하는 ‘강원청정연금’을 도입하겠다는 내용을 담고 있다. 산업 분야에서는 강원형... ",https://n.news.naver.com/mnews/article/025/0003527941?sid=102,"Thu, 04 Jun 2026 07:45:00 +0900",중립,"우상호, 강원도지사, 당선인, 강원도, 발전"
태양광,[사설] '바이오수소·암모니아' 역할 부각,태양광과 풍력의 간헐성을 보완하는 무탄소 기저전원으로서 활용될 수도 있고 대규모 전력수요 산업의 대응수단으로의 기능과 역할도 기대된다. 바이오수소와 암모니아 모두 기술적 상용화 단계에 접근한만큼 초기 시장... ,https://www.gasnews.com/news/articleView.html?idxno=125394,"Thu, 04 Jun 2026 07:24:00 +0900",긍정,"사설, 바이오수소, 암모니아, 역할, 부각"
태양광,"[ESG] 가치소비족 잡고, 탄소 줄이고...서울우유가 잡는 '두 마리 토끼'","온실가스 저감 활동을 비롯해 태양광 발전 설비, 정화처리시설 구축, 젖소 건강관리, 목장 환경 개선 사업 등을 지원하며 친환경 전환에 박차를 가한다. 서울우유 관계자는 오늘경제와의 질의에 &quot;저탄소 전환은 단순한... ",https://www.startuptoday.co.kr/news/articleView.html?idxno=802646,"Thu, 04 Jun 2026 07:10:00 +0900",긍정,"가치소비족, 잡고, 탄소, 줄이고, 서울우유가"
태양광,"[더벨][Company Watch] 쌍용건설, 코스타리카 법인 설립 추진…중남미 공...","쌍용건설은 아이티 태양광 발전 설비 및 에너지저장장치(ESS) 설비 건설 공사·운영 사업, 적도기니 대통령 기념관 및 상하수도 시설 공사 사업 등 수주고를 올렸다.. 다만 중남미 지역 내 별도 법인은 없던 상황이었다.... ",https://www.thebell.co.kr/free/content/ArticleView.asp?key=202606011535230400108165,"Thu, 04 Jun 2026 07:02:00 +0900",중립,"더벨, 쌍용건설, 코스타리카, 법인, 설립"
태양광,[이재명정부 1년] 미래전략산업으로 격상한 농업…가격정책 정교화는 미...,최흥식 한국후계농업경영인중앙연합회장은 “영농형태양광·햇빛소득마을 등 일부 사업에서 현장 이견이 여전하며 주민 수용성을 보완해야 한다는 목소리가 커진다”고 했다. ◆농정 거버넌스…“형식 아닌 실질 개선... ,https://n.news.naver.com/mnews/article/662/0000096546?sid=100,"Thu, 04 Jun 2026 07:01:00 +0900",긍정,"이재명정부, 미래전략산업으로, 격상한, 농업, 가격정책"
태양광,"[기자수첩] 대전 산업, 핵심은 전력 자립","액화천연가스(LNG) 기반 발전 등 보완 전원 확보 방안도 일부 마련돼야 하지만, 태양광 등 재생에너지 확대에만 초점이 맞춰지고 있다는 점에서 그렇다. 재생에너지 확대를 통해서만 전력 자립률을 높이는 방식은 명확한... ",https://n.news.naver.com/mnews/article/656/0000178224?sid=110,"Thu, 04 Jun 2026 07:00:00 +0900",긍정,"기자수첩, 대전, 산업, 핵심은, 전력"
태양광,고의숙 &quot;제주교육 다시 세우겠다&quot;… 첫 여성 선출직 교육감 탄생,"선거 막판에는 태양광·ESS 의혹, 이해충돌 논란, 선거공보물 표기 문제 등을 둘러싼 공방도 이어졌다. 교육감 선거는 정당 공천이 없는 교육자치 선거다. 그러나 이번 선거에서는 후보 개인의 교육 철학뿐 아니라 교육청... ",https://n.news.naver.com/mnews/article/014/0005530301?sid=162,"Thu, 04 Jun 2026 06:48:00 +0900",중립,"고의숙, 제주교육, 다시, 세우겠다, 여성"
태양광,&quot;창호 하나 바꿨을 뿐인데&quot;…그린리모델링 재개에 '고단열 창호' 훈풍,에너지 성능 향상·효율 개선을 통해 기존 건물을 녹색건축물로 전환하는 활동으로 정의돼 있다. 단열 보강·고성능 창호 교체·냉난방·환기 시스템·일부 신재생에너지 설비(태양광·지열 등) 설치 등이 대표 공사 항목이다.,https://n.news.naver.com/mnews/article/421/0008984348?sid=101,"Thu, 04 Jun 2026 06:33:00 +0900",긍정,"창호, 바꿨을, 뿐인데, 그린리모델링, 재개에"
태양광,"초소형원자로 MMR, 한미 우주협력 새 카드 되나",달에서는 밤이 약 14일 동안 이어져 태양광 발전만으로는 안정적인 전력 공급이 어렵기 때문에 원자로가 핵심 전력원으로 거론된다. 우주청 관계자는 &quot;국제협력에서는 상대방에 무안가를 요구하기보다 우리가 가진... ,https://n.news.naver.com/mnews/article/001/0016118343?sid=105,"Thu, 04 Jun 2026 06:33:00 +0900",중립,"초소형원자로, 한미, 우주협력, 카드, 되나"
태양광,"심각한 전력난 겪는 북한, 태양광 발전으로 돌파구",만성적으로 심각한 전력 부족에 시달려온 북한이 최근 몇 년 사이 태양광 발전소를 대거 건설하면서... 다만 아직 전력 공급은 크게 부족한 상황이다 이와 관련 황해남도 해주에 새로 문을 연 태양광 발전소는 북한... ,https://n.news.naver.com/mnews/article/003/0013985931?sid=104,"Thu, 04 Jun 2026 06:33:00 +0900",긍정,"심각한, 전력난, 겪는, 북한, 태양광"
태양광,[6·3 지방선거] 엇갈린 서울 표심… 종로 유찬종 '탈환' vs 중구 김길성...,24시 안심돌봄 서비스 도입 및 도심 미니숲 조성건물 에너지 절감 및 태양광 확대 추진 '중구: 김길성 재선 성공… &quot;중구 토박이 행정가&quot; 저력 입증' 중구청장 선거에서는 현역 구청장인 김길성 국민의힘 당선인이 재선에... ,https://news.skbroadband.com/news/articleView.html?idxno=228644,"Thu, 04 Jun 2026 06:26:00 +0900",긍정,"지방선거, 엇갈린, 서울, 표심, 종로"
태양광,"[중국 특징주] 진코솔라, 2026년 에너지저장 출하량 2배↑ 전망",중국 대표 태양광 모듈 제조업체 진코솔라(晶科能源∙Jinko Solar JKS.US/688223.SH)는 아시아·태평양 등 주요... [사진 = 바이두] 중국 태양광 중심의 친환경 에너지 공급업체 진코파워(晶科電力∙Jinko Power Technology... ,https://www.newspim.com/news/view/20260604000132,"Thu, 04 Jun 2026 06:05:00 +0900",중립,"중국, 특징주, 진코솔라, 에너지저장, 출하량"
태양광,재생e 100GW 청사진…에너지 전환 어디까지 왔나 [이재명 정부 1년],이번 정부에선 특히 단기간에 재생에너지를 확대할 수 있는 태양광에 초점을 맞췄다는 평가다. 기후부는... 평화 태양광 벨트 등 수도권·충청권·강원권 등에 10개 이상의 GW급 태양광 신규사업(12GW)을 발굴한다는... ,https://www.kukinews.com/article/view/kuk202606010182,"Thu, 04 Jun 2026 06:02:00 +0900",긍정,"재생, 청사진, 에너지, 전환, 어디까지"
태양광,김진태 대표 공약 ‘강원형 4대 연금 도입’ 1순위…반도체·미래차 산...,"월 22만원의 ‘디딤돌연금’과 풍력 및 태양광 발전 수익공유형 주민연금인 ‘바람연금', '햇빛연금’, 농어촌 기본소득형 생활연금인 ‘살림연금’등으로 구성된다. 반값 육아용품 지원과 대학생 무상교육 전면 실시를... ",https://n.news.naver.com/mnews/article/087/0001197184?sid=162,"Thu, 04 Jun 2026 06:01:00 +0900",긍정,"김진태, 대표, 공약, 강원형, 연금"
태양광,"우상호 대표 공약 “청정 자산 산업화, 자립 경제 모델 구축”…시군간...",정부가 접경지역 민간인통제선 5㎞ 일괄 북상 결정 시 새로운 민통선 철책을 따라 태양광-풍력 에너지 고속도로를 조성하고 발전 수익을 주민들게 ‘청정연금’으로 지급한다는 공약이다. 365일 지속가능한 세계적 복합... ,https://n.news.naver.com/mnews/article/087/0001197183?sid=162,"Thu, 04 Jun 2026 06:01:00 +0900",긍정,"우상호, 대표, 공약, 청정, 자산"
태양광,"“실제 차값 반토막”... 도쿄도, 전기차 보조금 130만 엔 파격 인상으로...","아울러 100% 재생에너지 전력 계약 계약자는 15만 엔, 가정·사업장에 태양광 장비를 보유하고 있다면 30만 엔의 인센티브 장부가 고스란히 유지된다. 도쿄도는 ▲ZEV 판매 실적, ▲차량 라인업 체급, ▲녹색 전환(GX) 노력... ",https://www.g-enews.com/view.php?ud=2026060316370811130c8c1c064d_1,"Thu, 04 Jun 2026 05:36:00 +0900",긍정,"실제, 차값, 반토막, 도쿄도, 전기차"
태양광,'방산·고배당' 한화자산운용… 다음은 '액티브'와 '글로벌',"해당 상품은 반도체, 우주항공, 태양광, 원전 등 핵심 제조업 테마를 담는 상품으로 기존 지수 추종형... 최 부사장은 &quot;방산 ETF를 시작으로 반도체, 우주항공, 태양광, 원전 등 핵심 4대 분야를 담은 PLUS... ",https://n.news.naver.com/mnews/article/417/0001145996?sid=101,"Thu, 04 Jun 2026 05:07:00 +0900",중립,"방산, 고배당, 한화자산운용, 다음은, 액티브"
태양광,"중부발전-세종시설공단, 세종시 탄소중립 실현 '맞손'","가운데 '세종시설공단 태양광 발전사업 추진을 위한 업무협약'을 지난달 29일 체결했다. 양사는 이번 협약 체결을 통해 세종시설공단 내 유휴부지를 활용한 태양광 발전사업을 효율적으로 수행하고, 지역 내 재생에너지... ",http://www.knpnews.com/news/articleView.html?idxno=33798,"Thu, 04 Jun 2026 05:06:00 +0900",중립,"중부발전, 세종시설공단, 세종시, 탄소중립, 실현"
태양광,'보수 수성' 홍성 박정주·'보수 탈환' 청양 김홍열 당선,부족합니다만 청양을 위해서 새로운 변화를 추구하는 여러 가지 성원이 오늘의 좋은 결과를 나오게 하지 않았나 생각이 듭니다.&quot;] 김 당선인은 태양광 수익 사업인 어르신 햇빛 연금 소득 사업 등을 통해 청양의 가장 큰... ,http://news.lghellovision.net/news/articleView.html?idxno=544676,"Thu, 04 Jun 2026 04:32:00 +0900",긍정,"보수, 수성, 홍성, 박정주, 보수"
